INSERT INTO provinces (PROVINCE_ID, PROVINCE_NAME)
values (06, "Buenos Aires"),
       (10, "Catamarca"),
       (22, "Chaco"),
       (26, "Chubut"),
       (02, "Capital Federal"),
       (14, "Cordoba"),
       (18, "Corrientes"),
       (30, "Entre Rios"),
       (34, "Formosa"),
       (38, "Jujuy"),
       (42, "La Pampa"),
       (46, "La Rioja"),
       (50, "Mendoza"),
       (54, "Misiones"),
       (58, "Neuquen"),
       (62, "Río Negro"),
       (66, "Salta"),
       (70, "San Juan"),
       (74, "San Luis"),
       (78, "Santa Cruz"),
       (82, "Santa Fe"),
       (86, "Santiago del Estero"),
       (94, "Tierra del Fuego, Antartida e Islas del Atlantico Sur"),
       (90, "Tucuman");

INSERT INTO users (EMAIL, FIRST_NAME, LAST_NAME, NUMBER_PHONE, USER_PASSWORD, ROLE)
VALUES ('maria@meli.com', 'maria', 'teneros', '23423', '$2a$10$6BOKBHct.1.6NvCb2UDBuOM.w1S7SC29ggEzhYO.LlffwfxD9kjta',
        'ADMIN'),
       ('pedro@meli.com', 'pedro', 'cabrera', '23423', '$2a$10$6BOKBHct.1.6NvCb2UDBuOM.w1S7SC29ggEzhYO.LlffwfxD9kjta',
        'USER'),
       ('admin@meli.com', 'admin', 'admin', '23423', '$2a$10$6BOKBHct.1.6NvCb2UDBuOM.w1S7SC29ggEzhYO.LlffwfxD9kjta',
        'USER'),
       ('user@meli.com', 'user', 'user', '23423', '$2a$10$6BOKBHct.1.6NvCb2UDBuOM.w1S7SC29ggEzhYO.LlffwfxD9kjta',
        'ADMIN'),
        
        ('dario@meli.com','Dario','Elguero','456456456','$2a$10$J2s07VFBf2I35J8T249Qz.63mu5hG34ThppYWlvNPAJu0Bg0w5YOS','ADMIN')
        
        ;



INSERT INTO category (id, name)
VALUES (1, 'Accesorios para Vehículos'),
       (2, 'Agro'),
       (3, 'Alimentos y Bebidas'),
       (4, 'Animales y Mascotas'),
       (5, 'Antigüedades y Colecciones'),
       (6, 'Arte, Librería y Mercería'),
       (7, 'Autos, Motos y Otros'),
       (8, 'Bebés'),
       (9, 'Belleza y Cuidado Personal'),
       (10, 'Cámaras y Accesorios'),
       (11, 'Celulares y Teléfonos'),
       (12, 'Computación'),
       (13, 'Consolas y Videojuegos'),
       (14, 'Construcción'),
       (15, 'Deportes y Fitness'),
       (16, 'Electrodomésticos y Aires Ac.'),
       (17, 'Electrónica, Audio y Video'),
       (18, 'Entradas para Eventos'),
       (19, 'Herramientas'),
       (20, 'Hogar, Muebles y Jardín'),
       (21, 'Industrias y Oficinas'),
       (22, 'Inmuebles'),
       (23, 'Instrumentos Musicales'),
       (24, 'Joyas y Relojes'),
       (25, 'Juegos y Juguetes'),
       (26, 'Libros, Revistas y Comics'),
       (27, 'Música, Películas y Series'),
       (28, 'Ropa y Accesorios'),
       (29, 'Salud y Equipamiento Médico'),
       (30, 'Servicios'),
       (31, 'Souvenirs, Cotillón y Fiestas'),
       (32, 'Otras categorías');



INSERT INTO `subcategory` (`id`, `name`, `category_id`)
VALUES (1, 'Acc. para Motos y Cuatriciclos', 1),
       (2, 'Accesorios Náuticos', 1),
       (3, 'Accesorios de Auto y Camioneta', 1),
       (4, 'Accesorios para Camiones', 1),
       (5, 'Audio para Vehículos', 1),
       (6, 'GNC', 1),
       (7, 'Herramientas para Vehículos', 1),
       (8, 'Limpieza de Vehículos', 1),
       (9, 'Llantas y Accesorios', 1),
       (10, 'Lubricantes y Fluidos', 1),
       (11, 'Motos', 1),
       (12, 'Navegadores GPS', 1),
       (13, 'Neumáticos', 1),
       (14, 'Performance', 1),
       (15, 'Repuestos Autos y Camionetas', 1),
       (16, 'Repuestos Motos y Cuatriciclos', 1),
       (17, 'Repuestos Náuticos', 1),
       (18, 'Repuestos de Línea Pesada', 1),
       (19, 'Seguridad Vehicular', 1),
       (20, 'Servicio Programado', 1),
       (21, 'Tags para el Pago de Peajes', 1),
       (22, 'Alimentos y Bebidas para Animales', 2),
       (23, 'Cosecha', 2),
       (24, 'Equipamiento para Ganadería', 2),
       (25, 'Equipamiento para Granjas', 2),
       (26, 'Fertilizantes y Tratamientos', 2),
       (27, 'Insumos Agropecuarios', 2),
       (28, 'Maquinaria Agrícola', 2),
       (29, 'Otros', 2),
       (30, 'Aceites y Vinagres', 3),
       (31, 'Bebidas Alcohólicas', 3),
       (32, 'Bebidas No Alcohólicas', 3),
       (33, 'Cereales, Granos y Pastas', 3),
       (34, 'Comestibles y Conservas', 3),
       (35, 'Condimentos y Sazonadores', 3),
       (36, 'Dulces y Golosinas', 3),
       (37, 'Frutas y Verduras', 3),
       (38, 'Panadería y Repostería', 3),
       (39, 'Productos Congelados', 3),
       (40, 'Productos Lácteos y Huevos', 3),
       (41, 'Snacks y Aperitivos', 3),
       (42, 'Aguas', 3),
       (43, 'Bebidas Energéticas', 3),
       (44, 'Bebidas Gaseosas', 3),
       (45, 'Bebidas Naturales y Saludables', 3),
       (46, 'Jugos y Néctares', 3),
       (47, 'Té y Café', 3),
       (48, 'Alimento para Mascotas', 4),
       (49, 'Cuidado de Mascotas', 4),
       (50, 'Perros', 4),
       (51, 'Gatos', 4),
       (52, 'Peces', 4),
       (53, 'Roedores', 4),
       (54, 'Aves', 4),
       (55, 'Reptiles y Anfibios', 4),
       (56, 'Invertebrados', 4),
       (57, 'Jaulas y Accesorios', 4),
       (58, 'Juguetes para Mascotas', 4),
       (59, 'Estética y Cuidado de Mascotas', 4),
       (60, 'Veterinaria', 4),
       (61, 'Adiestramiento y Comportamiento', 4),
       (62, 'Otros (Animales y Mascotas)', 4),
       (63, 'Antigüedades', 5),
       (64, 'Arte', 5),
       (65, 'Coleccionables', 5),
       (66, 'Monedas y Billetes', 5),
       (67, 'Sellos', 5),
       (68, 'Libros, Revistas y Comics Antiguos', 5),
       (69, 'Juguetes Antiguos', 5),
       (70, 'Discos de Vinilo y CDs Antiguos', 5),
       (71, 'Relojes Antiguos', 5),
       (72, 'Otros (Antigüedades y Colecciones)', 5),
       (73, 'Arte y Pintura', 6),
       (74, 'Libros, Revistas y Comics', 6),
       (75, 'Mercería', 6),
       (76, 'Papelería', 6),
       (77, 'Material de Dibujo y Pintura', 6),
       (78, 'Telas y Tejidos', 6),
       (79, 'Herramientas y Accesorios de Arte', 6),
       (80, 'Otros (Arte, Librería y Mercería)', 6),
       (81, 'Autos y Camionetas', 7),
       (82, 'Motos', 7),
       (83, 'Otros Vehículos', 7),
       (84, 'Accesorios para Vehículos', 7),
       (85, 'Repuestos Autos y Camionetas', 7),
       (86, 'Repuestos Motos y Cuatriciclos', 7),
       (87, 'Náutica', 7),
       (88, 'Maquinaria Pesada', 7),
       (89, 'Neumáticos', 7),
       (90, 'Audio para Autos', 7),
       (91, 'Tuning y Performance', 7),
       (92, 'Herramientas y Construcción', 7),
       (93, 'Seguridad Vehicular', 7),
       (94, 'GPS y Accesorios', 7),
       (95, 'Otros (Autos, Motos y Otros)', 7),
       (96, 'Cochecitos para Bebés', 8),
       (97, 'Sillas de Auto para Bebés', 8),
       (98, 'Cunas para Bebés', 8),
       (99, 'Accesorios para la Alimentación del Bebé', 8),
       (100, 'Ropa para Bebés', 8),
       (101, 'Juegos y Juguetes para Bebés', 8),
       (102, 'Baño para Bebés', 8),
       (103, 'Seguridad para Bebés', 8),
       (104, 'Otros (Bebés)', 8),
       (105, 'Cuidado del Cabello', 9),
       (106, 'Cuidado de la Piel', 9),
       (107, 'Maquillaje', 9),
       (108, 'Fragancias y Perfumes', 9),
       (109, 'Cuidado del Cuerpo', 9),
       (110, 'Cuidado de Manos y Pies', 9),
       (111, 'Herramientas y Accesorios de Belleza', 9),
       (112, 'Productos para el Cuidado Facial', 9),
       (113, 'Cuidado Bucal', 9),
       (114, 'Otros (Belleza y Cuidado Personal)', 9),
       (115, 'Cámaras Digitales', 10),
       (116, 'Lentes y Filtros', 10),
       (117, 'Flashes y Accesorios de Iluminación', 10),
       (118, 'Trípodes y Soportes', 10),
       (119, 'Estabilizadores y Soportes para Cámaras', 10),
       (120, 'Bolsos, Estuches y Correas', 10),
       (121, 'Tarjetas de Memoria y Almacenamiento', 10),
       (122, 'Baterías y Cargadores', 10),
       (123, 'Cableado y Conectores', 10),
       (124, 'Otros Accesorios para Cámaras', 10),
       (125, 'Celulares y Smartphones', 11),
       (126, 'Accesorios para Celulares', 11),
       (127, 'Fundas y Estuches para Celulares', 11),
       (128, 'Protectores de Pantalla', 11),
       (129, 'Cargadores y Cables', 11),
       (130, 'Auriculares y Manos Libres', 11),
       (131, 'Baterías para Celulares', 11),
       (132, 'Tarjetas SIM y Recargas', 11),
       (133, 'Repuestos para Celulares', 11),
       (134, 'Teléfonos Fijos e Inalámbricos', 11),
       (135, 'Otros Accesorios para Teléfonos', 11),
       (136, 'Laptops y Notebooks', 12),
       (137, 'PC de Escritorio', 12),
       (138, 'Componentes de PC', 12),
       (139, 'Almacenamiento', 12),
       (140, 'Periféricos de PC', 12),
       (141, 'Monitores', 12),
       (142, 'Impresoras y Accesorios', 12),
       (143, 'Redes y Conectividad', 12),
       (144, 'Software', 12),
       (145, 'Accesorios de Computación', 12),
       (146, 'Tablets y Accesorios', 12),
       (147, 'Servidores', 12),
       (148, 'Otros Productos de Computación', 12),
       (149, 'Consolas', 13),
       (150, 'Videojuegos', 13),
       (151, 'Accesorios para Consolas', 13),
       (152, 'Figuras de Acción y Coleccionables', 13),
       (153, 'Tarjetas Prepagas y Monedas Virtuales', 13),
       (154, 'Otros Productos de Consolas y Videojuegos', 13),
       (155, 'Materiales de Construcción', 14),
       (156, 'Herramientas de Construcción', 14),
       (157, 'Equipamiento para Construcción', 14),
       (158, 'Electricidad', 14),
       (159, 'Pinturería', 14),
       (160, 'Plomería', 14),
       (161, 'Seguridad para el Hogar', 14),
       (162, 'Otros Productos de Construcción', 14),
       (163, 'Fitness y Musculación', 15),
       (164, 'Fútbol', 15),
       (165, 'Running', 15),
       (166, 'Ciclismo', 15),
       (167, 'Camping y Pesca', 15),
       (168, 'Tenis, Padel y Squash', 15),
       (169, 'Deportes Acuáticos', 15),
       (170, 'Otros Deportes y Actividades Físicas', 15),
       (171, 'Aires Acondicionados', 16),
       (172, 'Electrodomésticos de Cocina', 16),
       (173, 'Heladeras y Freezers', 16),
       (174, 'Lavadoras y Secadoras', 16),
       (175, 'Pequeños Electrodomésticos', 16),
       (176, 'Calefacción', 16),
       (177, 'Ventiladores y Extractores', 16),
       (178, 'Otros Electrodomésticos', 16),
       (179, 'Audio', 17),
       (180, 'Cámaras y Accesorios', 17),
       (181, 'Componentes Electrónicos', 17),
       (182, 'Drones y Accesorios', 17),
       (183, 'GPS y Navegadores', 17),
       (184, 'Instrumentos Musicales', 17),
       (185, 'Proyectores y Pantallas', 17),
       (186, 'Reproductores de DVD y Blu-ray', 17),
       (187, 'Televisores', 17),
       (188, 'Accesorios para Audio y Video', 17),
       (189, 'Otros Electrónicos, Audio y Video', 17),
       (190, 'Conciertos', 18),
       (191, 'Festivales', 18),
       (192, 'Teatro', 18),
       (193, 'Deportes', 18),
       (194, 'Exposiciones y Convenciones', 18),
       (195, 'Cine', 18),
       (196, 'Eventos Culturales', 18),
       (197, 'Eventos Especiales', 18),
       (198, 'Otros Eventos', 18),
       (199, 'Herramientas Eléctricas', 19),
       (200, 'Herramientas Manuales', 19),
       (201, 'Herramientas de Medición', 19),
       (202, 'Herramientas de Jardín', 19),
       (203, 'Herramientas de Construcción', 19),
       (204, 'Herramientas de Automoción', 19),
       (205, 'Herramientas de Carpintería', 19),
       (206, 'Herramientas de Plomería', 19),
       (207, 'Herramientas de Pintura', 19),
       (208, 'Herramientas de Soldadura', 19),
       (209, 'Herramientas de Corte', 19),
       (210, 'Otros Herramientas', 19),
       (211, 'Muebles', 20),
       (212, 'Decoración', 20),
       (213, 'Electrodomésticos', 20),
       (214, 'Jardín y Exteriores', 20),
       (215, 'Iluminación para el Hogar', 20),
       (216, 'Textiles para el Hogar', 20),
       (217, 'Cocina y Comedor', 20),
       (218, 'Baño', 20),
       (219, 'Almacenamiento y Organización', 20),
       (220, 'Cuidado del Hogar y Limpieza', 20),
       (221, 'Otros Artículos para el Hogar', 20),
       (222, 'Equipamiento para Oficinas', 21),
       (223, 'Industria Gastronómica', 21),
       (224, 'Equipamiento Comercial', 21),
       (225, 'Construcción', 21),
       (226, 'Industria Textil', 21),
       (227, 'Agro', 21),
       (228, 'Industria Agropecuaria', 21),
       (229, 'Equipamiento para Industrias', 21),
       (230, 'Energía Eléctrica', 21),
       (231, 'Equipamiento para Comercios', 21),
       (232, 'Seguridad Industrial', 21),
       (233, 'Máquinas y Herramientas', 21),
       (234, 'Otros Artículos Industriales y para Oficinas', 21),
       (235, 'Departamentos - Casas - VENTA', 22),
       (236, 'Departamentos - Casas - ALQUILER', 22),
       (237, 'Alquiler Temporario', 22),
       (238, 'Campos y Chacras - VENTA', 22),
       (239, 'Campos y Chacras - ALQUILER', 22),
       (240, 'Garages - Cocheras - VENTA', 22),
       (241, 'Garages - Cocheras - ALQUILER', 22),
       (242, 'Oficinas y Locales - VENTA', 22),
       (243, 'Oficinas y Locales - ALQUILER', 22),
       (244, 'Galpones y Depósitos - VENTA', 22),
       (245, 'Galpones y Depósitos - ALQUILER', 22),
       (246, 'Terrenos - VENTA', 22),
       (247, 'Terrenos - ALQUILER', 22),
       (248, 'Emprendimientos en Construcción', 22),
       (249, 'Emprendimientos Terminados', 22),
       (250, 'Cabañas - Casas de Vacaciones', 22),
       (251, 'Alquiler de Temporada Student Housing', 22),
       (252, 'Hospedajes', 22),
       (253, 'Locaciones para Eventos', 22),
       (254, 'Fondo de Comercio', 22),
       (255, 'Otros Inmuebles', 22),
       (256, 'Guitarras', 23),
       (257, 'Bajos', 23),
       (258, 'Teclados y Pianos', 23),
       (259, 'Baterías y Percusión', 23),
       (260, 'Instrumentos de Viento', 23),
       (261, 'Instrumentos de Cuerda', 23),
       (262, 'Instrumentos de Orquesta', 23),
       (263, 'Accesorios para Instrumentos Musicales', 23),
       (264, 'Estudio de Grabación y Producción Musical', 23),
       (265, 'Equipamiento para DJ y Producción', 23),
       (266, 'Amplificadores y Pedales', 23),
       (267, 'Otros Instrumentos Musicales', 23),
       (268, 'Joyas de Oro', 24),
       (269, 'Joyas de Plata', 24),
       (270, 'Joyas de Acero', 24),
       (271, 'Anillos', 24),
       (272, 'Collares y Cadenas', 24),
       (273, 'Pulseras y Brazaletes', 24),
       (274, 'Aretes y Pendientes', 24),
       (275, 'Relojes para Hombres', 24),
       (276, 'Relojes para Mujeres', 24),
       (277, 'Relojes Unisex', 24),
       (278, 'Relojes de Lujo', 24),
       (279, 'Relojes Deportivos', 24),
       (280, 'Relojes Casuales', 24),
       (281, 'Accesorios para Joyas y Relojes', 24),
       (282, 'Otros Artículos de Joyería y Relojes', 24),
       (283, 'Juegos de Mesa', 25),
       (284, 'Juguetes de Construcción', 25),
       (285, 'Muñecas y Accesorios', 25),
       (286, 'Figuras de Acción', 25),
       (287, 'Vehículos de Juguete', 25),
       (288, 'Peluches y Muñecos de Peluche', 25),
       (289, 'Juguetes Educativos', 25),
       (290, 'Rompecabezas y Enigmas', 25),
       (291, 'Juegos al Aire Libre', 25),
       (292, 'Juegos de Agua', 25),
       (293, 'Juegos de Rol y Disfraces', 25),
       (294, 'Instrumentos Musicales para Niños', 25),
       (295, 'Juegos de Ciencia y Experimentos', 25),
       (296, 'Juegos de Manualidades y Arte', 25),
       (297, 'Juegos Electrónicos y Videojuegos para Niños', 25),
       (298, 'Otros Juguetes y Juegos', 25),
       (299, 'Libros de Ficción', 26),
       (300, 'Libros de No Ficción', 26),
       (301, 'Libros de Texto y Educación', 26),
       (302, 'Revistas y Periódicos', 26),
       (303, 'Cómics y Novelas Gráficas', 26),
       (304, 'Libros de Arte y Fotografía', 26),
       (305, 'Libros de Autoayuda y Desarrollo Personal', 26),
       (306, 'Libros de Negocios y Finanzas', 26),
       (307, 'Libros de Cocina y Gastronomía', 26),
       (308, 'Libros de Historia y Geografía', 26),
       (309, 'Libros de Ciencia y Tecnología', 26),
       (310, 'Libros de Salud y Bienestar', 26),
       (311, 'Libros de Viajes y Aventura', 26),
       (312, 'Libros de Religión y Espiritualidad', 26),
       (313, 'Libros para Niños y Jóvenes', 26),
       (314, 'Libros en Otros Idiomas', 26),
       (315, 'Otros Materiales de Lectura y Publicaciones', 26),
       (316, 'CDs de Música', 27),
       (317, 'Vinilos y Discos de Vinilo', 27),
       (318, 'DVDs y Blu-rays de Películas', 27),
       (319, 'Series de TV en DVD y Blu-ray', 27),
       (320, 'Películas y Documentales en Formato Digital', 27),
       (321, 'Bandas Sonoras y Música de Películas', 27),
       (322, 'Música en Formato Digital (MP3, Streaming)', 27),
       (323, 'Instrumentos Musicales', 27),
       (324, 'Equipamiento de Estudio y Grabación', 27),
       (325, 'Libros y Revistas de Música, Películas y Series', 27),
       (326, 'Merchandising de Música, Películas y Series', 27),
       (327, 'Otros Artículos Relacionados con la Música, Películas y Series', 27),
       (328, 'Ropa para Hombres', 28),
       (329, 'Ropa para Mujeres', 28),
       (330, 'Ropa para Niños y Bebés', 28),
       (331, 'Calzado', 28),
       (332, 'Accesorios de Moda (Bolsos, Carteras, Cinturones, Bufandas, etc.)', 28),
       (333, 'Joyería y Bisutería', 28),
       (334, 'Relojes', 28),
       (335, 'Lentes de Sol', 28),
       (336, 'Perfumes y Fragancias', 28),
       (337, 'Maquillaje y Cosméticos', 28),
       (338, 'Cuidado del Cabello', 28),
       (339, 'Artículos de Belleza y Cuidado Personal', 28),
       (340, 'Otros Artículos de Ropa y Accesorios', 28),
       (341, 'Instrumental Médico', 29),
       (342, 'Suministros Médicos', 29),
       (343, 'Medicamentos y Suplementos', 29),
       (344, 'Cuidado de la Salud', 29),
       (345, 'Aparatos y Dispositivos Médicos', 29),
       (346, 'Ortopedia y Rehabilitación', 29),
       (347, 'Cuidado Personal y Bienestar', 29),
       (348, 'Artículos para el Cuidado del Bebé', 29),
       (349, 'Vitaminas y Suplementos Alimenticios', 29),
       (350, 'Equipamiento para Consultorios y Clínicas', 29),
       (351, 'Otros Artículos de Salud y Equipamiento Médico', 29),
       (352, 'Reparación y Mantenimiento', 30),
       (353, 'Construcción y Reformas', 30),
       (354, 'Eventos y Entretenimiento', 30),
       (355, 'Servicios Profesionales y Consultoría', 30),
       (356, 'Salud y Bienestar', 30),
       (357, 'Transporte y Mudanzas', 30),
       (358, 'Educación y Clases Particulares', 30),
       (359, 'Tecnología y Desarrollo Web', 30),
       (360, 'Belleza y Estética', 30),
       (361, 'Limpieza y Organización', 30),
       (362, 'Asesoría Legal y Financiera', 30),
       (363, 'Marketing y Publicidad', 30),
       (364, 'Catering y Alimentación', 30),
       (365, 'Viajes y Turismo', 30),
       (366, 'Traducción e Interpretación', 30),
       (367, 'Fotografía y Video', 30),
       (368, 'Otros Servicios', 30),
       (369, 'Souvenirs y Regalos Personalizados', 31),
       (370, 'Artículos de Cotillón para Fiestas y Celebraciones', 31),
       (371, 'Decoración para Fiestas y Eventos', 31),
       (372, 'Globos y Accesorios para Decoración', 31),
       (373, 'Disfraces y Accesorios para Fiestas Temáticas', 31),
       (374, 'Artículos para Piñatas y Sorpresas', 31),
       (375, 'Invitaciones y Tarjetas para Eventos', 31),
       (376, 'Accesorios para Mesas de Dulces y Postres', 31),
       (377, 'Artículos para Photobooth y Accesorios de Fotos', 31),
       (378, 'Pirotecnia y Fuegos Artificiales', 31),
       (379, 'Souvenirs y Recuerdos para Bodas y Eventos Especiales', 31),
       (380, 'Artículos para Baby Showers y Fiestas Infantiles', 31),
       (381, 'Artículos para Despedidas de Soltero(a) y Soltera', 31),
       (382, 'Globos con Helio y Decoración con Globos', 31),
       (383, 'Cintas, Lazos y Accesorios para Envolturas de Regalos', 31),
       (384, 'Detalles y Obsequios para Celebraciones y Aniversarios', 31),
       (385, 'Otros Artículos para Souvenirs, Cotillón y Fiestas', 31),
       (386, 'Artículos de Colección y Vintage', 32),
       (387, 'Productos Usados y de Segunda Mano', 32),
       (388, 'Varios (Miscelánea)', 32),
       (389, 'Otros productos y categorías no especificadas anteriormente', 32);





insert into products (product_id,subcategory_id,discount,number_quotas, title, price, stock, category_id)
values
(1,125,10,6,'Xiaomi Redmi Note 10 Pro (108 Mpx) Dual SIM 256 GB gris ónix 8 GB RAM',269999,10,11),
(2,125,0,12,'Samsung Galaxy S23 Ultra 12gb 512gb Phantom Black',609999,11,11),
(3,125,25,6,'Apple iPhone 13 Pro (512 GB) - Plata',1189999,11,11),
(4,126,55,12,'Soporte Celular Extensible Cuello 360º Selfie Escritorio',3600,11,11),
(5,126,0,6,'Anillo Iman Magsafe Universal Para iPhone Samsung',1897,11,11),
(10,156,26,12,'Sierra Caladora Black + Decker 4 Etapas 550w 220v + Maletín',30000,5,19),
(6,160,0,12,'Set de 6 destornilladores total  tht250606',3750,5,19),
(7,160,44,12,'Bomba presurizadora Femmto BP30L-9M 100W - 220V',28999,5,19),
(8,156,0,12,'Soldadora Inverter 100 Amp Bronko Pampa 220 Volts',24018,5,19),
(9,156,0,12,'Film Polietil Aislante Nylon Negro 200mic 100m2 Envio Gratis',10980,5,19),
(11,125,0,12,'Auriculares in-ear inalámbricos F9-5',3500,5,11),
(12,125,5,12,'Auriculares inalámbricos Motorola Moto XT220 XT220',17980,5,11),
(13,125,15,12,'Celular Samsung Galaxy A13 128gb + 4gb Ram Pls Lcd ',130000,5,11),
(14,125,2,12,'Samsung Galaxy S22 Ultra 12gb 256gb Burgundy',559000,5,11),
(15,125,0,12,'Apple iPhone 14 Pro Max (128 GB)',783000,5,11),

(16,156,0,12,'Taladro atornillador inalámbrico de 10mm Logus TIL-12V-BOX 12V + accesorios con maletín de transporte 220V',15000,5,19),
(17,156,0,12,'Sierra circular eléctrica Bosch Professional GKS 150 184mm 1500W azul 220V',28000,5,19),
(18,156,0,12,'Hidrolavadora eléctrica Logus HL-110 azul y negra de 1400W con 110bar de presión máxima 220V - 50Hz',24000,5,19),
(19,156,0,12,'Máquina para pintar Sincrolamp Airless Pro 450 sistema Airless 900W 220V',155000,5,19)
;





insert into descriptions (product_id,content, priority) values 
(1,'Dispositivo liberado para que elijas la compañía telefónica que prefieras.', 'RELEVANT'),
(1,'Pantalla AMOLED de 6.67".', 'RELEVANT'),
(1,'Tiene 4 cámaras traseras de 108Mpx/8Mpx/5Mpx/2Mpx.', 'RELEVANT'),
(1,'Cámara delantera de 16Mpx.', 'RELEVANT'),
(1,'Batería de 5020mAh.', 'RELEVANT'),
(1,'Fotografía profesional en tu bolsillo
Descubrí infinitas posibilidades para tus fotos con las 4 cámaras principales de tu equipo. Poné a prueba tu creatividad y jugá con la iluminación, diferentes planos y efectos para obtener grandes resultados.', 'GENERIC'),
(1,'Experiencia visual increíble
Mirá tus series y películas favoritas con la mejor definición a través de su pantalla AMOLED de 6.67". Disfrutá de colores brillantes y detalles precisos en todos tus contenidos.', 'GENERIC'),
(2,'Hacé que las noches sean más épicas con la cámara nocturna
Es un kit de nivel profesional que cabe en una mano. La cámara posterior triple y la cámara de selfie ofrecen hardware y software de cámara innovadores para que puedas capturar fácilmente una galería llena de contenido digno de compartir.', 'GENERIC'),
(2,'Mejorá tu vida nocturna #cámaranocturna
Lo mejor sucede después de que anochece. Capturá la imagen con las épicas actualizaciones tecnológicas de nuestra cámara de nivel profesional. El sensor grande de píxeles amplía los píxeles para atraer la luz mientras que el cristal súper transparente reduce el resplandor de la lente, todo para que las fotos y los videos nocturnos salgan tan claros como el día.', 'GENERIC'),

(3,'Pantalla Super Retina XDR de 6.1 pulgadas con ProMotion que brinda una respuesta más rápida y fluida.(1)', 'RELEVANT'),
(3,'Modo Cine con baja profundidad de campo y cambios de enfoque automáticos en tus videos.', 'RELEVANT'),
(3,'Hasta 22 horas de reproducción de video.(3)', 'RELEVANT'),
(4,'
Representantes e Importadores directos de
SPICA y SKMEI Tiendas oficiales.', 'GENERIC'),
(4,'Más de 10 años vendiendo en Mercado Libre.
1 millón de compradores nos eligieron y recomendaron. 100% de calificaciones positivas. Elegidos por Mercado Libre como mejores vendedores de todo el sitio.', 'GENERIC'),
(4,'Soporte de escritorio para teléfono móvil con Base redonda estable.
Para videollamadas, reunión de Zoom, streamig, selfie, ver videos.', 'GENERIC'),
(5,'Anillo adaptador universal: añade imán a tu funda para soporte de teléfono, MagSafe o billetera. Tambien disfruta de la carga inalámbrica si tu teléfono lo admite.', 'GENERIC'),
(5,'Carga inalámbrica más rápida: con imanes de posicionamiento para alinearse al punto de carga ideal, aumentando la eficiencia de carga y reduciendo el calor.', 'GENERIC'),
(10,'Capacidad máxima de perforación en aluminio: 10mm.', 'RELEVANT'),
(10,'Obtendrás mayor versatilidad en los trabajos.', 'RELEVANT'),
(10,'Con la sierra caladora Black+Decker podrás realizar cortes precisos, sobre todo en curvas cerradas. Fácil de manipular y de un material muy resistente, podrás realizar trabajos en varios materiales sin dificultades.', 'GENERIC'),
(6,'Set 6 Destornilladores Ph Plano Industrial Total THT250606
', 'GENERIC'),
(6,'Somos “FERRETERIA ROSITA” tenemos productos de Electricidad, Gas, Agua, Herramientas, Máquinas y más!!!', 'GENERIC'),
(6,'Material: Cromo Vanadio
', 'GENERIC'),
(7,'Presión máxima de 1bar.
', 'RELEVANT'),
(7,'Caudal máximo de agua de 30l/min.', 'RELEVANT'),
(7,'Altura máxima de elevación de 9m.', 'RELEVANT'),
(7,'La bomba Femmto permite aumentar la presión de agua de una red hidráulica. Este producto cuenta con una entrada o tubo que aspira el agua y, posteriormente, este líquido es impulsado por un motor hacia el tubo de salida. Esto hace que el agua salga con mucha más presión y rapidez. No dudes en revisar sus características, ya que esta podría ser una excelente opción.', 'GENERIC'),
(7,'Gracias a su potencia de 100W, esta bomba te permitirá aumentar la presión del agua, ya sea caliente o fría, a un ritmo constante. Sin dudas, obtendrás el confort que necesitás para realizar tus tareas cotidianas.', 'GENERIC'),
(8,'Tipo de soldadora: MMA.', 'RELEVANT'),
(8,'Con tecnología inverter.', 'RELEVANT'),
(8,'Intensidad de soldadura mínima de 20A.', 'RELEVANT'),
(8,'a soldadora Inverter se considera una gran evolución para la industria de la soldadura, gracias a su avanzada tecnología.', 'GENERIC'),
(8,'Capaz de soldar acero inoxidable, aleaciones de acero, acero semiduro, cobre y otros metales.', 'GENERIC'),
(9,'ROLLO NYLON POLIETILENO NEGRO', 'GENERIC'),
(9,'Nylon de polietileno negro. Flexible. Resistente. Duradero. Fácil de maniobrar.
De usos múltiples. Construccion, invernaderos, etc', 'GENERIC'),
(9,'Publicacion rollo negro 2 metros de ancho por 50 de largo. Espesor 200 micrones Total: 100m2
', 'GENERIC'),
(11,'Cuenta con tecnología True Wireless.', 'RELEVANT'),
(11,'Alcance inalámbrico de 10 m.', 'RELEVANT'),
(11,'La batería dura 5 h.', 'RELEVANT'),
(11,'En la calle, en el colectivo o en la oficina, tené siempre a mano tus auriculares F9-5 y ¡escapate de la rutina por un rato! Vas a poder disfrutar de la música que más te gusta y de tus podcasts favoritos cuando quieras y donde quieras.', 'GENERIC'),
(11,'Al ser in-ear, mejoran la calidad del audio y son de tamaño pequeño para poder insertarse en tu oreja. Son ideales para acompañarte a la hora de hacer ejercicio mientras te sumergís en el mejor sonido envolvente.', 'GENERIC'),
(12,'Alcance inalámbrico de 10 m.
', 'RELEVANT'),
(12,'La batería dura 24 h.
', 'RELEVANT'),
(12,'En la calle, en el colectivo o en la oficina, tené siempre a mano tus auriculares Motorola y ¡escapate de la rutina por un rato! Vas a poder disfrutar de la música que más te gusta y de tus podcasts favoritos cuando quieras y donde quieras.', 'GENERIC'),
(12,'El diseño over-ear brinda una comodidad insuperable gracias a sus suaves almohadillas. Al mismo tiempo, su sonido envolvente del más alto nivel se convierte en el protagonista de la escena.', 'GENERIC'),
(12,'Sonido superior y sin límites.', 'RELEVANT'),
(13,'Dispositivo liberado para que elijas la compañía telefónica que prefieras.', 'RELEVANT'),
(13,'Pantalla PLS de 6.6".', 'RELEVANT'),
(13,'Tiene 4 cámaras traseras de 50Mpx/5Mpx/2Mpx/2Mpx.', 'RELEVANT'),
(13,'Procesador Exynos 850 Octa-Core de 2GHz con 4GB de RAM.', 'RELEVANT'),
(13,'Fotografía profesional en tu bolsillo
Descubrí infinitas posibilidades para tus fotos con las 4 cámaras principales de tu equipo. Poné a prueba tu creatividad y jugá con la iluminación, diferentes planos y efectos para obtener grandes resultados.', 'GENERIC'),
(13,'Con su lente macro tendrás un enfoque definido de los detalles más minúsculos y podrás usarlo para obtener nítidas vistas panorámicas.', 'GENERIC'),
(13,'Su memoria RAM de 4 GB permite que tu smartphone funcione de manera fluida y sin demoras al realizar distintas tareas, jugar o navegar.', 'GENERIC'),
(14,'Dispositivo liberado para que elijas la compañía telefónica que prefieras.', 'RELEVANT'),
(14,'Compatible con redes 5G.', 'RELEVANT'),
(14,'Pantalla Dynamic AMOLED 2X de 6.8".', 'RELEVANT'),
(14,'Tiene 4 cámaras traseras de 108Mpx/10Mpx/10Mpx/12Mpx.', 'RELEVANT'),
(14,'Procesador Snapdragon 8 Gen 1 Octa-Core de 3GHz con 12GB de RAM.', 'RELEVANT'),
(14,'Memoria interna de 256GB.', 'RELEVANT'),
(14,'A prueba de agua.', 'RELEVANT'),
(14,'Conocé el Galaxy S22 Ultra, con el poder de Note. El marco pulido, delgado y audaz, rodea la forma extruida para lograr una simetría elegante. Y la cámara lineal, acentuada por anillos de lentes espejados, parece flotar en su lugar.', 'GENERIC'),
(14,'El S Pen se adapta directamente en la S por primera vez. Expulsalo desde la parte inferior del smartphone para escribir, hacer un dibujo o controlar tu smartphone. La latencia mejorada en Samsung Notes hace que cada pincelada se sienta tan natural como la tinta en papel, y podés convertir esas ideas escritas apresuradamente en texto legible.', 'GENERIC'),
(14,'Nuestra pantalla más brillante para el día más soleado. La pantalla Dynamic AMOLED 2X con Vision Booster es la peor pesadilla del resplandor, con 1750 nits en su punto máximo. Y la frecuencia de actualización adaptable de 120 Hz mantiene el desplazamiento suave, ajustándose a lo que aparece en la pantalla para una vista optimizada.', 'GENERIC'),
(14,'Disfrutá todo el día y aprovechá al máximo tu noche. La IA mejorada toma 5000 mAh (normal) de potencia de un día al otro, adaptándose de manera inteligente a la forma en que usás tu smartphone.
Carga ultra rápida: A toda velocidad. Obtené una carga ultra rápida que dura más que el día cuando se conecta al adaptador de corriente de 45 W.', 'GENERIC'),
(15,'Pantalla Super Retina XDR de 6.7 pulgadas(2), siempre activa con tecnología ProMotion.', 'RELEVANT'),
(15,'Dynamic Island, una forma nueva y mágica de interactuar con tu iPhone.', 'RELEVANT'),
(15,'Cámara gran angular de 48MP para una resolución hasta 4 veces mayor.', 'RELEVANT'),
(15,'Batería para todo el día y hasta 29 horas de reproducción de video.(3)', 'RELEVANT'),
(15,'El iPhone 14 Pro Max te permite captar detalles increíbles gracias a su cámara gran angular de 48 MP. Además, trae la Dynamic Island y una pantalla siempre activa, para que puedas interactuar con tu iPhone de una forma completamente nueva. Y viene con Detección de Choques(1), una funcionalidad de seguridad que pide ayuda cuando no estás en condiciones de hacerlo.', 'GENERIC'),
(15,'La funcionalidad Emergencia SOS usa conexión celular o llamadas por Wi-Fi.', 'GENERIC'),
(15,'La pantalla tiene las esquinas redondeadas. Si se mide en forma de rectángulo, la pantalla tiene 6.69 pulgadas en diagonal. El área real de visualización es menor.', 'GENERIC'),
(15,'Se requiere un plan de datos. 5G está disponible en algunos mercados y a través de operadores específicos. Las velocidades varían según las condiciones del lugar y el operador.', 'GENERIC'),
(16,'Con función reversa.
', 'RELEVANT'),
(16,'Viene con maletín de transporte.
', 'RELEVANT'),
(16,'Cuenta con función destornillador.
', 'RELEVANT'),
(16,'Velocidad máxima de rotación: 700rpm.
', 'RELEVANT'),
(16,'Tiempo de carga de la batería: 5h.
', 'RELEVANT'),
(16,'Con el taladro eléctrico Logus TIL-12V-BOX podrás realizar múltiples tareas en diversas superficies de un modo práctico y sencillo.', 'GENERIC'),
(16,'Su mandril de 10 mm te permitirá manipular fácilmente la herramienta de manera segura y precisa. Además, su velocidad variable ofrece una gran experiencia de uso, adaptada a tus necesidades y requerimentos.', 'GENERIC'),
(16,'Su función destornilladora te posibilitará explotar al máximo tu producto. Podrás realizar aplicaciones de diferentes magnitudes con gran exactitud y calidad.', 'GENERIC'),
(17,'Recomendada para cortar madera.
', 'RELEVANT'),
(17,'Tiene una potencia de 1500W.
', 'RELEVANT'),
(17,'El diámetro del disco es de 184mm.
', 'RELEVANT'),
(17,'Mide 347mm de largo, 232mm de ancho y 257mm de alto.
', 'RELEVANT'),
(17,'La sierra Bosch GKS 150 posee un diseño compacto que proporciona una alta potencia con poco peso. Es ergonómica y resistente, con una asa robusta que proporciona mayor estabilidad en el corte.', 'GENERIC'),
(17,'Su disco de 184mm posibilita cortes definidos y prolijos, difíciles de alcanzar de manera manual.', 'GENERIC'),
(18,'Con manguera incluida de 5m de largo.
', 'RELEVANT'),
(18,'Apta para trabajar con agua a una temperatura máxima de 40 °C y así dejar tus superficies relucientes.', 'RELEVANT'),
(18,'Función de apagado automático incorporada al soltar el gatillo.', 'RELEVANT'),
(18,'Con tu hidrolavadora podés dejar reluciente cualquier material o superficie. Su rocío de agua de alta presión es entre diez y cincuenta veces más potente que las mangueras de jardín, lo que hace más eficaz y fácil el proceso de limpieza.', 'GENERIC'),
(18,'Gracias a su presión máxima de 110 bar, esta hidrolavadora te permite realizar un lavado fácil, rápido y con el menor esfuerzo posible.', 'GENERIC'),
(18,'Regulá la forma de riego según tu necesidad. Para lograr un mayor impacto sobre la superficie, podés usar la función en línea recta. Si buscás lograr una mayor cobertura, es ideal utilizar el chorro en abanico.', 'GENERIC'),
(19,'Frecuencia: 50Hz.
', 'RELEVANT'),
(19,'Largo de la manguera: 15m.', 'RELEVANT'),
(19,'Accesorios incluidos: pistola, pico boquilla, soporte boquilla, manguera y manómetro.', 'RELEVANT'),
(19,'Las imágenes pueden ser ilustrativas.
', 'RELEVANT'),
(19,'El sistema airless funciona por efecto de la presión del material, es decir que lo hace sin aire. Puede usarse para trabajos grandes de pintura y dispersión, ya que generalmente son máquinas profesionales.', 'GENERIC')

-- (5,2,'', 'RELEVANT'),
-- (4,2,'', 'GENERIC'),
;

INSERT INTO images (PRODUCT_ID, IMAGE_URL)
values 
(1,'https://res.cloudinary.com/djto6y6vr/image/upload/v1686168562/xxbw2xehimpznt0uva9b.webp'),
(1,'https://res.cloudinary.com/djto6y6vr/image/upload/v1686168460/ywgibpxuo1kkgljjwrvg.webp'),
(1,'https://res.cloudinary.com/djto6y6vr/image/upload/v1686168560/lflg46jhavq5ds35k7jb.webp'),
(1,'https://res.cloudinary.com/djto6y6vr/image/upload/v1686168568/dj73imtgovwziikkh1sm.webp'),
(1,'https://res.cloudinary.com/djto6y6vr/image/upload/v1686168569/sed4vncgvoghugbjguyq.webp'),
(1,'https://res.cloudinary.com/djto6y6vr/image/upload/v1686168570/uyku9uujm6iujqcv3blt.webp'),
(1,'https://res.cloudinary.com/djto6y6vr/image/upload/v1686168570/hk6dxyyzwscbusoubuqf.webp'),
(2,'https://res.cloudinary.com/djto6y6vr/image/upload/v1686170150/kv6g9jmauaeaqodph8lk.webp'),
(2,'https://res.cloudinary.com/djto6y6vr/image/upload/v1686170149/keh8m5cwrqhjglybwosm.webp'),
(2,'https://res.cloudinary.com/djto6y6vr/image/upload/v1686170150/cwfk2jzskxyx75gnbyrs.webp'),
(2,'https://res.cloudinary.com/djto6y6vr/image/upload/v1686170152/texan39cygluqydbprrx.webp'),
(2,'https://res.cloudinary.com/djto6y6vr/image/upload/v1686170153/xwy5dg0ynwmke93ndmh3.webp'),
(2,'https://res.cloudinary.com/djto6y6vr/image/upload/v1686170154/wann2rsaqwieybce8g08.webp'),
(3,'https://res.cloudinary.com/djto6y6vr/image/upload/v1686170712/ku9r7mthwjgouuvdo16j.webp'),
(3,'https://res.cloudinary.com/djto6y6vr/image/upload/v1686170713/ggbltmyagidywcp5wgyw.webp'),
(3,'https://res.cloudinary.com/djto6y6vr/image/upload/v1686170714/luu3m0oec5lk2rnrygmm.webp'),
(3,'https://res.cloudinary.com/djto6y6vr/image/upload/v1686170715/tbn3rr8fo409ptiv3z5b.webp'),
(3,'https://res.cloudinary.com/djto6y6vr/image/upload/v1686170715/gpkhwo2zmqgmffhwzm9c.webp'),
(3,'https://res.cloudinary.com/djto6y6vr/image/upload/v1686170716/syie2myw6knnazyfyez4.webp'),
(3,'https://res.cloudinary.com/djto6y6vr/image/upload/v1686170717/pf9udvjixbj99unpi89r.webp'),
(4,'https://res.cloudinary.com/djto6y6vr/image/upload/v1686171794/o54rb2xanbq7rvagypd1.webp'),
(4,'https://res.cloudinary.com/djto6y6vr/image/upload/v1686171793/b8yvyyanipmkditjf1fx.webp'),
(4,'https://res.cloudinary.com/djto6y6vr/image/upload/v1686171795/dm0lodpiezdtcgotoan9.webp'),
(4,'https://res.cloudinary.com/djto6y6vr/image/upload/v1686171796/enelhyvgxjpkm3ftzid7.webp'),
(4,'https://res.cloudinary.com/djto6y6vr/image/upload/v1686171798/faluzupybfxrmzmwmedb.webp'),
(5,'https://res.cloudinary.com/djto6y6vr/image/upload/v1686171872/ocyk8ibal9eqn8q0ojq1.webp'),
(5,'https://res.cloudinary.com/djto6y6vr/image/upload/v1686171869/zavgvcf2ovtfqm9pckot.webp'),
(5,'https://res.cloudinary.com/djto6y6vr/image/upload/v1686171870/hwpfpm7hllsfc6ciq0zs.webp'),
(5,'https://res.cloudinary.com/djto6y6vr/image/upload/v1686171871/xyactveh6dnbxbxbvqrr.webp'),
(5,'https://res.cloudinary.com/djto6y6vr/image/upload/v1686171873/xpjuawuwwcmhyg4p0ss5.webp'),
(5,'https://res.cloudinary.com/djto6y6vr/image/upload/v1686171874/ijtsfdwyzd4cuu0fn99h.webp'),
(10,'https://res.cloudinary.com/djto6y6vr/image/upload/v1686172936/v5nnchqlh4ertgycf3ae.webp'),
(10,'https://res.cloudinary.com/djto6y6vr/image/upload/v1686172935/yglzpaeyzbmacpci2pgz.webp'),
(10,'https://res.cloudinary.com/djto6y6vr/image/upload/v1686172936/jmmhzgfwmfpi3kvpcnv8.webp'),
(10,'https://res.cloudinary.com/djto6y6vr/image/upload/v1686172937/yppuhfki1yydjosupsxb.webp'),
(10,'https://res.cloudinary.com/djto6y6vr/image/upload/v1686172938/x4mtm2q7tidjc3jrkcew.webp'),
(6,'https://res.cloudinary.com/djto6y6vr/image/upload/v1686174256/bzqn77hkanphq6vqmnfg.webp'),
(6,'https://res.cloudinary.com/djto6y6vr/image/upload/v1686174257/l9d43zietaibmcxl6ffq.webp'),
(6,'https://res.cloudinary.com/djto6y6vr/image/upload/v1686174258/xpvuaobrhdgnkj0hi5pg.webp'),
(7,'https://res.cloudinary.com/djto6y6vr/image/upload/v1686174318/ilscxvz4thgnlga6ns09.webp'),
(7,'https://res.cloudinary.com/djto6y6vr/image/upload/v1686174319/qrjgjsnpwhothy86l0ae.webp'),
(7,'https://res.cloudinary.com/djto6y6vr/image/upload/v1686174320/wrco5xtnf3parxtqwlpd.webp'),
(7,'https://res.cloudinary.com/djto6y6vr/image/upload/v1686174320/gqzi8alqnyuzr2ureop0.webp'),
(8,'https://res.cloudinary.com/djto6y6vr/image/upload/v1686174366/uyexasguledhg0ehqciz.webp'),
(8,'https://res.cloudinary.com/djto6y6vr/image/upload/v1686174367/mm4belazckxxuuy5ahvb.webp'),

(9,'https://res.cloudinary.com/djto6y6vr/image/upload/v1686176653/ttnjgdvsakyjifcgs350.webp'),
(9,'https://res.cloudinary.com/djto6y6vr/image/upload/v1686176654/utku6ojorvvneyyrscga.webp'),
(9,'https://res.cloudinary.com/djto6y6vr/image/upload/v1686176655/rxdrtmkcrjdjru3jnpfq.webp'),
(11,'https://res.cloudinary.com/djto6y6vr/image/upload/v1686196541/pnl9gjqlnexwwoiib0he.webp'),
(11,'https://res.cloudinary.com/djto6y6vr/image/upload/v1686196542/pphbmguiptz5s6aaqh91.webp'),
(11,'https://res.cloudinary.com/djto6y6vr/image/upload/v1686196543/oh1cfx19fpuef2a4oqja.webp'),
(11,'https://res.cloudinary.com/djto6y6vr/image/upload/v1686196543/brmhrvgjxsryjnnzx5ws.webp'),
(11,'https://res.cloudinary.com/djto6y6vr/image/upload/v1686196544/kjfuk0d59kvqmleqihld.webp'),
(12,'https://res.cloudinary.com/djto6y6vr/image/upload/v1686196622/ba4zynelyfilsyspko0w.webp'),
(12,'https://res.cloudinary.com/djto6y6vr/image/upload/v1686196622/xfuuov4qoulkv3e5wbad.webp'),
(12,'https://res.cloudinary.com/djto6y6vr/image/upload/v1686196621/iq6nzggjihjii0qtdtky.webp'),
(12,'https://res.cloudinary.com/djto6y6vr/image/upload/v1686196623/bvwgskwgvzi09gr6oyc8.webp'),
(12,'https://res.cloudinary.com/djto6y6vr/image/upload/v1686196624/woe0ahcwdf1w6riqjftk.webp'),
(12,'https://res.cloudinary.com/djto6y6vr/image/upload/v1686196624/rxpl0yutj5shyjvjmqhi.webp'),
(13,'https://res.cloudinary.com/djto6y6vr/image/upload/v1686196713/gyctf0ob75v4coahbgfx.webp'),
(13,'https://res.cloudinary.com/djto6y6vr/image/upload/v1686196713/bgdjsa1cwast6atcmldm.webp'),
(13,'https://res.cloudinary.com/djto6y6vr/image/upload/v1686196714/j80cpxpelpfmqb92hvyw.webp'),
(13,'https://res.cloudinary.com/djto6y6vr/image/upload/v1686196715/bbe0wnrmgnfdajrly043.webp'),
(14,'https://res.cloudinary.com/djto6y6vr/image/upload/v1686197928/hnd5jyb2odmoiqbbp8zx.webp'),
(14,'https://res.cloudinary.com/djto6y6vr/image/upload/v1686197929/tn2ngg8rw7tepxixcrtp.webp'),
(14,'https://res.cloudinary.com/djto6y6vr/image/upload/v1686197930/unfkoiu29zjfjhiyhaqj.webp'),
(14,'https://res.cloudinary.com/djto6y6vr/image/upload/v1686197931/v8fu3qmjp7aymsjjhldd.webp'),
(14,'https://res.cloudinary.com/djto6y6vr/image/upload/v1686197931/ysxx8vym6dykzhlbqrm3.webp'),
(15,'https://res.cloudinary.com/djto6y6vr/image/upload/v1686198347/ysrdjmgvsmlnmlb58uqv.webp'),
(15,'https://res.cloudinary.com/djto6y6vr/image/upload/v1686198348/ppal971aom27v4iz4xdd.webp'),
(15,'https://res.cloudinary.com/djto6y6vr/image/upload/v1686198348/t1p4zenb2tlfltuj574n.webp'),
(15,'https://res.cloudinary.com/djto6y6vr/image/upload/v1686198349/i1zz74ngtsshdiorsk2o.webp'),
(15,'https://res.cloudinary.com/djto6y6vr/image/upload/v1686198350/wyyipbcjyefj5miu7xrt.webp'),
(15,'https://res.cloudinary.com/djto6y6vr/image/upload/v1686198350/hp4ktxywckzb4u1pmpqe.webp'),
(15,'https://res.cloudinary.com/djto6y6vr/image/upload/v1686198351/wur0bd2crpiafgijcgzg.webp'),
(16,'https://res.cloudinary.com/djto6y6vr/image/upload/v1686205176/yjtfxde9ss0uu1tmunl2.webp'),
(16,'https://res.cloudinary.com/djto6y6vr/image/upload/v1686205177/jcjy8gr20w3ev21ptkkg.webp'),
(17,'https://res.cloudinary.com/djto6y6vr/image/upload/v1686205257/q1szdwcq5fb5krlrvz1w.webp'),
(17,'https://res.cloudinary.com/djto6y6vr/image/upload/v1686205258/wfn8kbkjrwfb7vwt9ixw.webp'),
(17,'https://res.cloudinary.com/djto6y6vr/image/upload/v1686205258/lqh9yadq5zekucoe3egl.webp'),
(17,'https://res.cloudinary.com/djto6y6vr/image/upload/v1686205256/eqdk9ygdrvnskzbkpblh.webp'),
(17,'https://res.cloudinary.com/djto6y6vr/image/upload/v1686205259/ocnkzd6xjpzmqbckytvx.webp'),
(18,'https://res.cloudinary.com/djto6y6vr/image/upload/v1686205305/bq1gb27zglqtnfnhuydl.webp'),
(18,'https://res.cloudinary.com/djto6y6vr/image/upload/v1686205306/novuuxxknylndt0g8nsm.webp'),
(18,'https://res.cloudinary.com/djto6y6vr/image/upload/v1686205307/kfnk9qhxrd5yy18wjdlr.webp'),
(19,'https://res.cloudinary.com/djto6y6vr/image/upload/v1686205344/xlvs8yrq3rnexji6ptiu.webp')
;

INSERT INTO colors (COLOR_ID,name)
values
(1,'negro'),
(2,'azul'),
(3,'verde'),
(4,'amarillo'),
(5,'rojo'),
(6,'Gris Carbon'),
(7,'Blanco'),
(8,'cream'),
(9,'green'),
(10,'phantom black'),
(11,'plata'),
(12,'negro espacial'),
(13,'oro')
;

insert into colors_has_products(product_id,color_id)
values
(1,6),
(1,7),
(2,8),
(2,9),
(2,10),
(3,5),
(3,1),
(11,1),
(11,3),
(15,11),
(15,12),
(15,13),
(15,7)
;



INSERT INTO order_status (status)
VALUES ('Pendiente'),
       ('Enviado'),
       ('Entregado');

INSERT INTO address (`comment`, `contact`, `floor_apartment`, `locality`, `num_street_end`, `num_street_init`, `phone`,
                     `province_fk`, `street`, `street_number`, `user_fk`, `zip_code`)
VALUES ('Domicilio', '348256445', '1', 'Bs As', 'Av Mayo  ', '123', '01112233333', '06', 'Av Mayo', '123', '2', '1000');

INSERT INTO `shipping_methods` (`name`, `price`)
VALUES ('Correo Argentino', '1500'),
       ('Retira en Local', '0');

INSERT INTO `orders`
(id, `date`, `order_total`,
 `order_status_fk`,
 `shipping_address_fk`,
 `shipping_method_fk`, `user_fk`)
VALUES (4, '26-5-23', '10000', '1', '1', '1', '2');

INSERT INTO `brand` (`id`, `name`)
VALUES
(1, 'Sony'),
(2, 'Apple'),
(3, 'Xiaomi'),
(4, 'Motorola'),
(5, 'Huawei'),
(6, 'Sony'),
(7, 'LG'),
(8, 'Lenovo'),
(9, 'HP'),
(10, 'Dell'),
(11, 'Acer'),
(12, 'Asus'),
(13, 'Toshiba'),
(14, 'Canon'),
(15, 'Nikon'),
(16, 'Fujifilm'),
(17, 'GoPro'),
(18, 'Panasonic'),
(19, 'JBL'),
(20, 'Bose'),
(21, 'Sennheiser'),
(22, 'Beats'),
(23, 'Skullcandy'),
(24, 'Casio'),
(25, 'Fossil'),
(26, 'Guess'),
(27, 'Michael Kors'),
(28, 'Tommy Hilfiger'),
(29, 'Ray-Ban'),
(30, 'Oakley'),
(31, 'Polaroid'),
(32, 'Conair'),
(33, 'Remington'),
(34, 'Braun'),
(35, 'Philips'),
(36, 'Oral-B'),
(37, 'Colgate'),
(38, 'Nivea'),
(39, 'Adidas'),
(40, 'Nike'),
(41, 'Puma'),
(42, 'Reebok'),
(43, 'Under Armour'),
(44, 'New Balance'),
(45, 'Vans'),
(46, 'Converse'),
(47, 'Timberland'),
(48, 'Dr. Martens'),
(49, 'Levi'),
(50, ' Wrangler '),
(51, ' Diesel '),
(52, ' GAP '),
(53, ' Zara '),
(54, ' H&M '),
(55, ' Forever '),
(56, ' Victoria '),
(57, 'Calvin Klein'),
(58, 'Ralph Lauren'),
(59, 'Burberry'),
(60, 'Gucci'),
(61, 'Prada'),
(62, 'Louis Vuitton'),
(63, 'Chanel'),
(64, 'Dior'),
(65, 'Versace'),
(66, 'Fendi'),
(67, 'Givenchy'),
(68, 'Hermes'),
(69, 'Tiffany & Co.'),
(70, 'Rolex'),
(71, 'Omega'),
(72, 'Tag Heuer'),
(73, 'Cartier'),
(74, 'Swarovski'),
(75, 'Pandora'),
(76, 'Tous'),
(77, 'Sephora'),
(78, 'MAC Cosmetics'),
(79, 'Maybelline'),
(80, 'LOréal '),
(81, ' NYX '),
(82, ' Revlon '),
(83, ' Estée Lauder '),
(84, ' Clinique '),
(85, ' NARS '),
(86, ' Urban Decay '),
(87, ' Too Faced '),
(88, ' Fossil '),
(89, ' GUESS '),
(90, ' Michael Kors '),
(91, ' Puma '),
(92, ' H&M '),
(93, ' Converse '),
(94, ' Tommy Hilfiger '),
(95, ' Levis'),
(96, 'Calvin Klein'),
(97, 'Adidas'),
(98, 'Nike'),
(99, 'Zara'),
(100, 'Forever 21'),
(101, 'Sony'),
(102, 'LG'),
(103, 'Panasonic'),
(104, 'Philips'),
(105, 'Sharp'),
(106, 'Toshiba'),
(107, 'Hisense'),
(108, 'Vizio'),
(109, 'Insignia'),
(110, 'RCA'),
(111, 'Sceptre'),
(112, 'Onn'),
(113, 'Element'),
(114, 'Haier'),
(115, 'AOC'),
(116, 'ViewSonic'),
(117, 'BenQ'),
(118, 'Dell'),
(119, 'HP'),
(120, 'Acer'),
(121, 'Asus'),
(122, 'MSI'),
(123, 'Lenovo'),
(124, 'Apple'),
(125, 'Xiaomi'),
(126, 'Motorola'),
(127, 'Nokia'),
(128, 'BlackBerry'),
(129, 'Google'),
(130, 'OnePlus'),
(131, 'Realme'),
(132, 'Oppo'),
(133, 'Vivo'),
(134, 'Honor'),
(135, 'Meizu'),
(136, 'ZTE'),
(137, 'Alcatel'),
(138, 'Sony'),
(139, 'Nintendo'),
(140, 'PlayStation'),
(141, 'Xbox'),
(142, 'Nintendo Switch'),
(143, 'Game Boy'),
(144, 'Sega'),
(145, 'Atari'),
(146, 'Logitech'),
(147, 'Razer'),
(148, 'Corsair'),
(149, 'SteelSeries'),
(150, 'HyperX'),
(151, 'ASUS ROG'),
(152, 'HP OMEN'),
(153, 'Dell Alienware'),
(154, 'Microsoft Surface'),
(155, 'AOC'),
(156, 'Samsung'),
(157, 'LG'),
(158, 'ViewSonic'),
(159, 'BenQ'),
(160, 'Philips'),
(161, 'Sony'),
(162, 'Bose'),
(163, 'JBL'),
(164, 'Harman Kardon'),
(165, 'Sonos'),
(166, 'Panasonic'),
(167, 'Sharp'),
(168, 'TCL'),
(169, 'Hisense'),
(170, 'Vizio'),
(171, 'Sennheiser'),
(172, 'Audio-Technica'),
(173, 'AKG'),
(174, 'Shure'),
(175, 'Beyerdynamic'),
(176, 'Rode'),
(177, 'Neumann'),
(178, 'Focusrite'),
(179, 'Behringer'),
(180, 'PreSonus'),
(181, 'M-Audio'),
(182, 'Yamaha'),
(183, 'Roland'),
(184, 'Korg'),
(185, 'Casio'),
(186, 'Fender'),
(187, 'Gibson'),
(188, 'Ibanez'),
(189, 'Taylor'),
(190, 'Martin'),
(191, 'Epiphone'),
(192, 'PRS'),
(193, 'Schecter'),
(194, 'Jackson'),
(195, 'ESP'),
(196, 'Dean'),
(197, 'Gretsch'),
(198, 'Yamaha'),
(199, 'Pearl'),
(200, 'Ludwig'),
(201, 'Tama'),
(202, 'DW'),
(203, 'Mapex'),
(204, 'Zildjian'),
(205, 'Sabian'),
(206, 'Meinl'),
(207, 'Paiste'),
(208, 'Remo'),
(209, 'Evans'),
(210, 'Vic Firth'),
(211, 'ProMark'),
(212, 'Hohner'),
(213, 'Lee Oskar'),
(214, 'Suzuki'),
(215, 'Fender'),
(216, 'Gibson'),
(217, 'Ibanez'),
(218, 'Epiphone'),
(219, 'Squier'),
(220, 'Jackson'),
(221, 'ESP'),
(222, 'PRS'),
(223, 'Schecter'),
(224, 'Yamaha'),
(225, 'Martin'),
(226, 'Taylor'),
(227, 'Seagull'),
(228, 'Gretsch'),
(229, 'Larrivée'),
(230, 'Guild'),
(231, 'Alvarez'),
(232, 'Ovation'),
(233, 'Rickenbacker'),
(234, 'Steinway & Sons'),
(235, 'Yamaha'),
(236, 'Kawai'),
(237, 'Casio'),
(238, 'Roland'),
(239, 'Korg'),
(240, 'Nord'),
(241, 'Akai'),
(242, 'Moog'),
(243, 'Arturia'),
(244, 'Behringer'),
(245, 'Elektron'),
(246, 'Novation'),
(247, 'Teenage Engineering'),
(248, 'Pioneer DJ'),
(249, 'Denon DJ'),
(250, 'Samsung'),
(251, 'Native Instruments');



insert into products (product_id,subcategory_id,discount,number_quotas, title, price, stock, category_id)
values
(40,136,9,12,'Notebook Hp Victus 15.6 I7 12650h 16gb 512gb Ssd Rtx 3050ti Mica Silver',820.125,15,12),
(41,137,0,12,'Monitor gamer LG 27MK400H led 27" negro 100V/240V',95999,1,12),
(42,137,9,12,'Teclado gamer Soul XK850 QWERTY Content Blue color negro con luz RGB',12999,8,12),
(43,137,25,12,'Disco duro externo Seagate Expansion STKM1000400 1TB negro',31399,2,12),
(44,137,10,12,'Impresora a color multifunción Canon Pixma G3110 con wifi negra 110V/220V',159999,11,12),
(45,150,0,12,'Sony PlayStation 5 825GB God of War Ragnarok Bundle color blanco y negro',439999,18,13),
(46,150,15,12,'Nintendo Switch OLED 64GB Standard color rojo neón, azul neón y negro',313999,25,13),
(47,150,17,12,'Microsoft Xbox Series X 1TB Standard color negro',399999,5,13),
(48,151,0,12,'FIFA 23 Standard Edition Electronic Arts PS4 Físico',22499,10,13),
(49,150,0,12,'Nintendo Switch Lite 32GB Standard color turquesa',159000,1,13)
;





insert into descriptions (product_id,content, priority) values
(40,'Procesador Intel Core i7', 'RELEVANT'),
(40,'Memoria RAM de 16GB.', 'RELEVANT'),
(40,'Placa de video NVIDIA GeForce RTX 3050 Ti', 'RELEVANT'),
(40,'La notebook HP Gaming Laptop Victus 15-FA0032DX es una solución tanto para trabajar y estudiar como para entretenerte. Al ser portátil, el escritorio dejará de ser tu único espacio de uso para abrirte las puertas a otros ambientes ya sea en tu casa o en la oficina.', 'GENERIC'),
(40,'Pantalla con gran impacto visual
Su pantalla de 15.6" y 1920x1080 px de resolución te brindará colores más vivos y definidos. Tus películas y series preferidas cobrarán vida, ya que ganarán calidad y definición en cada detalle.', 'GENERIC'),
(41,'Pantalla led de 27".', 'RELEVANT'),
(41,'Tiene una resolución de 1920px-1080px', 'RELEVANT'),
(41,'Relación de aspecto de 16:9.', 'RELEVANT'),
(41,'LG busca entender a los usuarios para ofrecerles óptimas soluciones y nuevas experiencias a través de la evolución tecnológica. Disfrutá de la perfecta combinación de diseño, calidad y rendimiento que la empresa te ofrece en este monitor.', 'GENERIC'),
(41,'Un monitor a tu medida
Con tu pantalla LED no solo ahorrás energía, ya que su consumo es bajo, sino que vas a ver colores nítidos y definidos en tus películas o series favoritas.', 'GENERIC'),
(41,'Una experiencia visual de calidad
Este monitor de 27" te va a resultar cómodo para estudiar, trabajar o ver una película en tus tiempos de ocio. Asimismo, su resolución de 1920 x 1080 te permite disfrutar de momentos únicos gracias a una imagen de alta fidelidad. Una de sus virtudes es que posee pantalla antirreflejo, de esta manera no verás reflejado lo que está detrás de vos y vas a evitar forzar tu vista para enfocar el contenido. Su tiempo de respuesta de 2 ms lo hace ideal para gamers y cinéfilos porque es capaz de mostrar imágenes en movimiento sin halos o bordes borrosos.', 'GENERIC'),
(42,'Consola compatible: PS4.', 'RELEVANT'),
(42,'Tipo de teclado: mecánico.', 'RELEVANT'),
(42,'Medidas: 352.3mm de ancho, 124.3mm de alto y 35.8mm de profundidad.', 'RELEVANT'),
(42,'Este teclado Soul de alto rendimiento permite que puedas disfrutar de horas ilimitadas de juegos. Está diseñado especialmente para que puedas expresar tanto tus habilidades como tu estilo. Podrás mejorar tu experiencia de gaming, ya seas un aficionado o todo un experto y hacer que tus jugadas alcancen otro nivel.', 'GENERIC'),
(42,'Distinción a todo color
Su retroiluminación le da un toque diferente a tu equipo y resalta su composición cuando es utilizado en espacios poco iluminados.', 'GENERIC'),
(43,'Útil para guardar programas y documentos con su capacidad de 1 TB.', 'RELEVANT'),
(43,'Interfaz de conexión: USB 3.0.', 'RELEVANT'),
(43,'', 'RELEVANT'),
(43,'Seagate, referente en el mercado de unidades de almacenamiento se encarga de brindar los mejores productos a sus clientes. Su control de calidad más su compromiso con una producción sustentable y responsable con el medio ambiente la vuelven una líder indiscutible. Sus dispositivos resaltan todas estas características que generan un óptimo rendimiento con el objetivo de darte una gran experiencia de uso.', 'GENERIC'),
(43,'Más velocidad a tu alcance. Este producto transfiere datos a través de un puerto USB 3.0, lo que lo convierte en un dispositivo sumamente veloz. Es adaptable a tus necesidades a la hora de traspasar grandes cantidades de datos en poco tiempo.', 'GENERIC'),
(44,'Imprime, escanea y hace copias.', 'RELEVANT'),
(44,'Tecnología de impresión: inyección de tinta.', 'RELEVANT'),
(44,'Capacidad máxima de 100 hojas.', 'RELEVANT'),
(44,'Soporta papel tamaño A4, A5, B5, Carta, Oficio, Sobre N10, 4 x 6 ", 5 x 7 ", Personalizado (101.6 x 152.4 mm - 215.9 x 676 mm).', 'RELEVANT'),
(44,'Siempre hay una impresora Canon que te ayuda a llevar el trabajo y la diversión al siguiente nivel. Son estéticamente elegantes, cómodas y tienen una velocidad de impresión que te va a sorprender.', 'GENERIC'),
(44,'Eficiencia y calidad. Imprimí archivos, escaneá documentos y hacé todas las fotocopias que necesités con esta impresora multifunción Canon, siempre lista para facilitar tu rutina de trabajo o estudio.', 'GENERIC'),
(44,'Perfecta para tu hogar o la oficina. Al ser a tinta te permitirá lograr impresiones de gran calidad con colores vivos y degradados suaves. Ocupa poco espacio y es fácil de manejar lo que la convierte en la opción ideal para cuestiones laborales, tareas escolares y requerimientos de la vida diaria.', 'GENERIC'),
(44,'Conectividad móvil. Ahora podés imprimir fácilmente desde tu celular o tablet sin importar en donde te encuentres y sin la asistencia de una computadora. Disfrutá de sus soluciones de impresión móvil, utilizá la que más te guste y tené tus documentos en solo segundos.', 'GENERIC'),
(45,'Incluye control.', 'RELEVANT'),
(45,'Resolución de 3840px x 2160px.', 'RELEVANT'),
(45,'Memoria RAM de 16GB.', 'RELEVANT'),
(45,'Cuenta con: 1 dock, 1 cable de alimentación ca, 1 cable hdmi, 1 cable usb, 1 material impreso.', 'RELEVANT'),
(45,'Con tu consola PlayStation 5 tendrás entretenimiento asegurado todos los días. Su tecnología fue creada para poner nuevos retos tanto a jugadores principiantes como expertos.', 'GENERIC'),
(45,'PlayStation renovó las expectativas del mundo virtual con esta nueva consola y su gran rendimiento. Cuenta con una interfaz de usuario más rápida y fácil de navegar que en anteriores modelos. Además, podrás jugar durante horas desafiando a millones de contrincantes alrededor del mundo que esperan nuevos retos.', 'GENERIC'),
(46,'Incluye 2 controles.', 'RELEVANT'),
(46,'Resolución de 1920px x 1080px.', 'RELEVANT'),
(46,'Memoria RAM de 4GB.', 'RELEVANT'),
(46,'Tiene pantalla táctil.', 'RELEVANT'),
(46,'Switch se convirtió en una de las consolas más versátiles del mercado gracias a su uso portátil y de sobremesa. Nintendo desarrolló este modelo con el objetivo de tener todas las comodidades de la tecnología de elite en un aparato portátil con el que podrás jugar y disfrutar de diverso contenido online.', 'GENERIC'),
(46,'Guardá tus apps, fotos, videos y mucho más en el disco duro, que cuenta con una capacidad de 64 GB. Al contar con un procesador de 8 núcleos y uno gráfico, brinda una experiencia dinámica, respuestas ágiles, y transiciones fluidas de imágenes en alta definición. Por otro lado, tiene puerto USB y salida HDMI, que permiten conectar accesorios y cargar la batería de tu control mientras jugás.', 'GENERIC'),
(47,'Incluye control.', 'RELEVANT'),
(47,'Resolución de 2560px x 1440px.', 'RELEVANT'),
(47,'Memoria RAM de 16GB.', 'RELEVANT'),
(47,'Cuenta con: 1 cable hdmi, 1 cable de alimentación ca.', 'RELEVANT'),
(47,'La nueva generación de consolas está comandada por la Xbox Series que llegó al mercado para sorprender a todos. Su potencia y alto rendimiento te permitirá reducir las horas de descarga de juegos y contenido de manera considerable en comparación con otras consolas. Además, vas a poder jugar durante horas mientras te divertís con jugadores de todo el mundo.', 'GENERIC'),
(47,'Guardá tus apps, fotos, videos y mucho más en el disco duro, que cuenta con una capacidad de 1 TB.', 'GENERIC'),
(47,'Al contar con un procesador de 8 núcleos y uno gráfico, brinda una experiencia dinámica, respuestas ágiles, y transiciones fluidas de imágenes en alta definición. Por otro lado, tiene puerto USB y salida HDMI, que permiten conectar accesorios y cargar la batería de tu control mientras jugás.', 'GENERIC'),
(48,'Desarrollado por Electronic Arts.', 'RELEVANT'),
(48,'Género: deportes y acción y simulación.', 'RELEVANT'),
(48,'Se encuentra disponible para jugar online.', 'RELEVANT'),
(48,'Es apto para múltiples jugadores.', 'RELEVANT'),
(48,'FIFA es el videojuego de fútbol más vendido de la actualidad y con más de 25 años de desarrollo. Vas a poder jugar con tus equipos y futbolistas preferidos en diversos modos. ¡Preparate para convertirte en campeón de todas las copas y torneos!', 'GENERIC'),
(48,'Interactuá con otros jugadores. Podrás disfrutar de una experiencia inigualable, ya que te permite jugar con tus amistades y compartir momentos inolvidables.', 'GENERIC'),
(48,'Podrás compartir cada juego con personas de todo el mundo, ya que es posible conectarse de manera online.', 'GENERIC'),
(49,'Es portátil, ideal para llevar a donde quieras y jugar con tus amistades y familia.', 'RELEVANT'),
(49,'Memoria RAM de 4GB.', 'RELEVANT'),
(49,'Tiene pantalla táctil.', 'RELEVANT'),
(49,'Cuenta con: 1 adaptador de corriente.', 'RELEVANT'),
(49,'Switch se convirtió en una de las consolas más versátiles del mercado gracias a su uso portátil y de sobremesa. Nintendo desarrolló este modelo con el objetivo de tener todas las comodidades de la tecnología de elite en un aparato portátil con el que podrás jugar y disfrutar de diverso contenido online.', 'GENERIC'),
(49,'Los Joy-con cuentan con botones especiales para realizar print de pantalla. Además, posee una cámara infrarroja que puede leer la distancia respecto a los objetos e incluso detectar formas.', 'GENERIC'),
(49,'Adaptada a tus necesidades. Guardá tus apps, fotos, videos y mucho más en el disco duro, que cuenta con una capacidad de 32 GB.', 'GENERIC')
-- (5,2,'', 'RELEVANT'),
-- (4,2,'', 'GENERIC')
;

INSERT INTO images (PRODUCT_ID, IMAGE_URL)
values
(40,'https://res.cloudinary.com/djto6y6vr/image/upload/v1686155020/pc_cbdfgq.jpg'),
(40,'https://res.cloudinary.com/djto6y6vr/image/upload/v1686155020/pc3_ptbisb.jpg'),
(40,'https://res.cloudinary.com/djto6y6vr/image/upload/v1686155020/pc2_y8rprm.jpg'),
(41,'https://res.cloudinary.com/djto6y6vr/image/upload/v1686155087/monitor2_qrcjxq.jpg'),
(41,'https://res.cloudinary.com/djto6y6vr/image/upload/v1686155087/monitor_htlofe.jpg'),
(41,'https://res.cloudinary.com/djto6y6vr/image/upload/v1686155087/monitor3_si90rw.jpg'),
(42,'https://res.cloudinary.com/djto6y6vr/image/upload/v1686155148/tecado_bf6ldh.jpg'),
(43,'https://res.cloudinary.com/djto6y6vr/image/upload/v1686155179/dd_ohfzcg.jpg'),
(43,'https://res.cloudinary.com/djto6y6vr/image/upload/v1686155179/dd2_ex7ilp.jpg'),
(43,'https://res.cloudinary.com/djto6y6vr/image/upload/v1686155179/dd3_zv5eky.jpg'),
(43,'https://res.cloudinary.com/djto6y6vr/image/upload/v1686155179/dd4_z5bzpj.jpg'),
(44,'https://res.cloudinary.com/djto6y6vr/image/upload/v1686155230/impresora_f4z1ou.jpg'),
(44,'https://res.cloudinary.com/djto6y6vr/image/upload/v1686155230/impresora2_fhw1us.jpg'),
(44,'https://res.cloudinary.com/djto6y6vr/image/upload/v1686155230/impresora3_bf9cqx.jpg'),
(45,'https://res.cloudinary.com/djto6y6vr/image/upload/v1686155288/PS51_mcm3vf.jpg'),
(45,'https://res.cloudinary.com/djto6y6vr/image/upload/v1686155289/PS5_gxir4x.jpg'),
(45,'https://res.cloudinary.com/djto6y6vr/image/upload/v1686155288/PS52_gbtsh9.jpg'),
(45,'https://res.cloudinary.com/djto6y6vr/image/upload/v1686155288/PS53_fngyav.jpg'),
(46,'https://res.cloudinary.com/djto6y6vr/image/upload/v1686155350/SWITCH1_bbo0bb.jpg'),
(46,'https://res.cloudinary.com/djto6y6vr/image/upload/v1686155350/SWITCH_q0wbpu.jpg'),
(46,'https://res.cloudinary.com/djto6y6vr/image/upload/v1686155350/SWITCH2_ksuatq.jpg'),
(47,'https://res.cloudinary.com/djto6y6vr/image/upload/v1686155389/XBOX1_kvcle6.jpg'),
(47,'https://res.cloudinary.com/djto6y6vr/image/upload/v1686155388/XBOX_wszbjo.jpg'),
(47,'https://res.cloudinary.com/djto6y6vr/image/upload/v1686155388/XBOX2_juhq4m.jpg'),
(47,'https://res.cloudinary.com/djto6y6vr/image/upload/v1686155389/XBOX3_spj3ie.jpg'),
(47,'https://res.cloudinary.com/djto6y6vr/image/upload/v1686155389/XBOX4_jxaln2.jpg'),
(48,'https://res.cloudinary.com/djto6y6vr/image/upload/v1686178158/FIFA_yy9gas.jpg'),
(48,'https://res.cloudinary.com/djto6y6vr/image/upload/v1686178158/FIFA2_kglxpk.jpg'),
(48,'https://res.cloudinary.com/djto6y6vr/image/upload/v1686178158/FIFA1_k4sucv.jpg'),
(48,'https://res.cloudinary.com/djto6y6vr/image/upload/v1686178158/FIFA3_vlhwua.jpg'),
(49,'https://res.cloudinary.com/djto6y6vr/image/upload/v1686155448/NST_cuizfl.jpg'),
(49,'https://res.cloudinary.com/djto6y6vr/image/upload/v1686155448/NST2_pjtpmm.jpg'),
(49,'https://res.cloudinary.com/djto6y6vr/image/upload/v1686155448/NST1_yiekaq.jpg')



;

INSERT INTO colors (COLOR_ID,name)
values
(40,'Blanco/Negro'),
(41,'neón/Azul'),
(42,'Turquesa'),
(43,'Gris'),
(44,'Coral')
;

insert into colors_has_products(product_id,color_id)
values
(46,40),
(46,41),
(49,42),
(49,43),
(49,44)

;